{
  "f1_micro": 0.7188438021122846,
  "f1_macro": 0.4905645476874353,
  "accuracy_samples": 0.32967667436489606,
  "top1_acc": 0.8013856812933026,
  "top3_acc": 0.9486143187066974
}